[{"model": "admin.logentry", "pk": 1, "fields": {"action_time": "2022-06-26T18:19:59.171Z", "user": 1, "content_type": 8, "object_id": "1", "object_repr": "Sport", "action_flag": 1, "change_message": "[{\"added\": {}}]"}}, {"model": "admin.logentry", "pk": 2, "fields": {"action_time": "2022-06-26T18:20:21.901Z", "user": 1, "content_type": 8, "object_id": "2", "object_repr": "Gaming", "action_flag": 1, "change_message": "[{\"added\": {}}]"}}, {"model": "admin.logentry", "pk": 3, "fields": {"action_time": "2022-06-26T18:20:40.453Z", "user": 1, "content_type": 8, "object_id": "3", "object_repr": "Musique", "action_flag": 1, "change_message": "[{\"added\": {}}]"}}, {"model": "admin.logentry", "pk": 4, "fields": {"action_time": "2022-06-26T18:21:40.088Z", "user": 1, "content_type": 8, "object_id": "4", "object_repr": "Statistique/ProbabilitÚ", "action_flag": 1, "change_message": "[{\"added\": {}}]"}}, {"model": "admin.logentry", "pk": 5, "fields": {"action_time": "2022-06-26T18:22:24.528Z", "user": 1, "content_type": 9, "object_id": "1", "object_repr": "Minecraft", "action_flag": 1, "change_message": "[{\"added\": {}}]"}}, {"model": "admin.logentry", "pk": 6, "fields": {"action_time": "2022-06-26T18:22:41.313Z", "user": 1, "content_type": 9, "object_id": "2", "object_repr": "Messi", "action_flag": 1, "change_message": "[{\"added\": {}}]"}}, {"model": "admin.logentry", "pk": 7, "fields": {"action_time": "2022-06-26T18:23:29.515Z", "user": 1, "content_type": 9, "object_id": "3", "object_repr": "GOAT", "action_flag": 1, "change_message": "[{\"added\": {}}]"}}, {"model": "admin.logentry", "pk": 8, "fields": {"action_time": "2022-06-26T18:25:13.816Z", "user": 1, "content_type": 9, "object_id": "4", "object_repr": "Mojotr¶ne II : History", "action_flag": 1, "change_message": "[{\"added\": {}}]"}}, {"model": "admin.logentry", "pk": 9, "fields": {"action_time": "2022-06-26T18:27:33.372Z", "user": 1, "content_type": 7, "object_id": "1", "object_repr": "kouaho: DIDI B", "action_flag": 1, "change_message": "[{\"added\": {}}]"}}, {"model": "admin.logentry", "pk": 10, "fields": {"action_time": "2022-06-26T20:18:29.839Z", "user": 1, "content_type": 10, "object_id": "1", "object_repr": "kouaho: Mojotr¶ne II : History", "action_flag": 1, "change_message": "[{\"added\": {}}]"}}, {"model": "admin.logentry", "pk": 11, "fields": {"action_time": "2022-06-27T03:26:30.249Z", "user": 1, "content_type": 10, "object_id": "1", "object_repr": "kouaho: Mojotr¶ne II : History", "action_flag": 2, "change_message": "[{\"changed\": {\"fields\": [\"Content\"]}}]"}}, {"model": "admin.logentry", "pk": 12, "fields": {"action_time": "2022-06-27T15:16:06.545Z", "user": 1, "content_type": 10, "object_id": "1", "object_repr": "kouaho: Mojotr¶ne II : History", "action_flag": 2, "change_message": "[{\"changed\": {\"fields\": [\"Content\"]}}]"}}, {"model": "admin.logentry", "pk": 13, "fields": {"action_time": "2022-06-27T15:25:16.078Z", "user": 1, "content_type": 10, "object_id": "2", "object_repr": "Guehou: Mojotr¶ne II : History", "action_flag": 1, "change_message": "[{\"added\": {}}]"}}, {"model": "admin.logentry", "pk": 14, "fields": {"action_time": "2022-06-28T02:34:55.672Z", "user": 1, "content_type": 7, "object_id": "14", "object_repr": "Guehou: ", "action_flag": 3, "change_message": ""}}, {"model": "admin.logentry", "pk": 15, "fields": {"action_time": "2022-06-28T02:34:56.209Z", "user": 1, "content_type": 7, "object_id": "13", "object_repr": "Guehou: ", "action_flag": 3, "change_message": ""}}, {"model": "admin.logentry", "pk": 16, "fields": {"action_time": "2022-06-28T02:34:56.282Z", "user": 1, "content_type": 7, "object_id": "12", "object_repr": "Guehou: ", "action_flag": 3, "change_message": ""}}, {"model": "admin.logentry", "pk": 17, "fields": {"action_time": "2022-06-28T02:34:56.357Z", "user": 1, "content_type": 7, "object_id": "11", "object_repr": "Guehou: ", "action_flag": 3, "change_message": ""}}, {"model": "admin.logentry", "pk": 18, "fields": {"action_time": "2022-06-28T02:34:56.441Z", "user": 1, "content_type": 7, "object_id": "10", "object_repr": "Guehou: ", "action_flag": 3, "change_message": ""}}, {"model": "admin.logentry", "pk": 19, "fields": {"action_time": "2022-06-28T02:34:56.526Z", "user": 1, "content_type": 7, "object_id": "9", "object_repr": "Guehou: ", "action_flag": 3, "change_message": ""}}, {"model": "admin.logentry", "pk": 20, "fields": {"action_time": "2022-06-28T02:34:56.601Z", "user": 1, "content_type": 7, "object_id": "8", "object_repr": "Guehou: ", "action_flag": 3, "change_message": ""}}, {"model": "admin.logentry", "pk": 21, "fields": {"action_time": "2022-06-28T02:34:56.675Z", "user": 1, "content_type": 7, "object_id": "7", "object_repr": "Guehou: ", "action_flag": 3, "change_message": ""}}, {"model": "admin.logentry", "pk": 22, "fields": {"action_time": "2022-06-28T02:34:56.748Z", "user": 1, "content_type": 7, "object_id": "6", "object_repr": "Guehou: ", "action_flag": 3, "change_message": ""}}, {"model": "admin.logentry", "pk": 23, "fields": {"action_time": "2022-06-28T02:34:56.822Z", "user": 1, "content_type": 7, "object_id": "5", "object_repr": "Guehou: ", "action_flag": 3, "change_message": ""}}, {"model": "admin.logentry", "pk": 24, "fields": {"action_time": "2022-06-28T02:34:56.896Z", "user": 1, "content_type": 7, "object_id": "4", "object_repr": "Guehou: ", "action_flag": 3, "change_message": ""}}, {"model": "admin.logentry", "pk": 25, "fields": {"action_time": "2022-06-28T13:15:24.398Z", "user": 1, "content_type": 11, "object_id": "1", "object_repr": "Guehou: LK", "action_flag": 1, "change_message": "[{\"added\": {}}]"}}, {"model": "admin.logentry", "pk": 26, "fields": {"action_time": "2022-06-28T13:15:40.260Z", "user": 1, "content_type": 11, "object_id": "2", "object_repr": "kouaho: LK", "action_flag": 1, "change_message": "[{\"added\": {}}]"}}, {"model": "admin.logentry", "pk": 27, "fields": {"action_time": "2022-07-03T13:03:17.827Z", "user": 1, "content_type": 7, "object_id": "32", "object_repr": "Diarrassouba: ", "action_flag": 3, "change_message": ""}}, {"model": "admin.logentry", "pk": 28, "fields": {"action_time": "2022-07-03T13:03:18.361Z", "user": 1, "content_type": 7, "object_id": "31", "object_repr": "Diarrassouba: ", "action_flag": 3, "change_message": ""}}, {"model": "admin.logentry", "pk": 29, "fields": {"action_time": "2022-07-03T13:03:18.435Z", "user": 1, "content_type": 7, "object_id": "30", "object_repr": "Diarrassouba: ", "action_flag": 3, "change_message": ""}}, {"model": "admin.logentry", "pk": 30, "fields": {"action_time": "2022-07-03T13:03:18.509Z", "user": 1, "content_type": 7, "object_id": "29", "object_repr": "Diarrassouba: ", "action_flag": 3, "change_message": ""}}, {"model": "admin.logentry", "pk": 31, "fields": {"action_time": "2022-07-03T13:03:18.583Z", "user": 1, "content_type": 7, "object_id": "28", "object_repr": "Diarrassouba: ", "action_flag": 3, "change_message": ""}}, {"model": "admin.logentry", "pk": 32, "fields": {"action_time": "2022-07-03T13:03:18.656Z", "user": 1, "content_type": 7, "object_id": "27", "object_repr": "Diarrassouba: ", "action_flag": 3, "change_message": ""}}, {"model": "admin.logentry", "pk": 33, "fields": {"action_time": "2022-07-03T13:03:18.739Z", "user": 1, "content_type": 7, "object_id": "26", "object_repr": "Diarrassouba: ", "action_flag": 3, "change_message": ""}}, {"model": "admin.logentry", "pk": 34, "fields": {"action_time": "2022-07-03T13:03:18.816Z", "user": 1, "content_type": 7, "object_id": "25", "object_repr": "Diarrassouba: ", "action_flag": 3, "change_message": ""}}, {"model": "admin.logentry", "pk": 35, "fields": {"action_time": "2022-07-08T15:57:59.380Z", "user": 1, "content_type": 8, "object_id": "5", "object_repr": "Education", "action_flag": 1, "change_message": "[{\"added\": {}}]"}}, {"model": "admin.logentry", "pk": 36, "fields": {"action_time": "2022-07-08T15:58:08.860Z", "user": 1, "content_type": 9, "object_id": "8", "object_repr": "Ecole", "action_flag": 1, "change_message": "[{\"added\": {}}]"}}, {"model": "admin.logentry", "pk": 37, "fields": {"action_time": "2022-07-08T16:00:09.413Z", "user": 1, "content_type": 7, "object_id": "3", "object_repr": "kouaho: Quelle impression avez-vous de la formation de l'ENSEA ?", "action_flag": 2, "change_message": "[{\"changed\": {\"fields\": [\"Title\", \"Content\", \"SubCategory\", \"Slug\"]}}]"}}, {"model": "admin.logentry", "pk": 38, "fields": {"action_time": "2022-07-08T16:01:41.698Z", "user": 1, "content_type": 9, "object_id": "9", "object_repr": "Football", "action_flag": 1, "change_message": "[{\"added\": {}}]"}}, {"model": "admin.logentry", "pk": 39, "fields": {"action_time": "2022-07-08T16:01:49.078Z", "user": 1, "content_type": 7, "object_id": "2", "object_repr": "Guift: LDC", "action_flag": 2, "change_message": "[{\"changed\": {\"fields\": [\"Author\", \"Title\", \"Content\", \"SubCategory\"]}}]"}}, {"model": "admin.logentry", "pk": 40, "fields": {"action_time": "2022-07-09T06:13:58.244Z", "user": 1, "content_type": 9, "object_id": "6", "object_repr": "Gaming", "action_flag": 3, "change_message": ""}}, {"model": "admin.logentry", "pk": 41, "fields": {"action_time": "2022-07-09T06:13:58.768Z", "user": 1, "content_type": 9, "object_id": "5", "object_repr": "2", "action_flag": 3, "change_message": ""}}, {"model": "admin.logentry", "pk": 42, "fields": {"action_time": "2022-07-09T06:36:44.028Z", "user": 1, "content_type": 9, "object_id": "7", "object_repr": "PES", "action_flag": 2, "change_message": "[{\"changed\": {\"fields\": [\"Name\", \"Slug\"]}}]"}}, {"model": "admin.logentry", "pk": 43, "fields": {"action_time": "2022-07-09T06:46:34.339Z", "user": 1, "content_type": 7, "object_id": "40", "object_repr": "kouaho: jhvjjbj", "action_flag": 2, "change_message": "[{\"changed\": {\"fields\": [\"Title\", \"Content\", \"Slug\"]}}]"}}, {"model": "admin.logentry", "pk": 44, "fields": {"action_time": "2022-07-10T16:24:30.770Z", "user": 1, "content_type": 7, "object_id": "82", "object_repr": "Guehou: Quel est le meilleur jeux que vous jouez sur votre PS4 ?", "action_flag": 3, "change_message": ""}}, {"model": "admin.logentry", "pk": 45, "fields": {"action_time": "2022-07-10T16:24:31.292Z", "user": 1, "content_type": 7, "object_id": "81", "object_repr": "Guehou: Quel est le meilleur jeux que vous jouez sur votre PS4 ?", "action_flag": 3, "change_message": ""}}, {"model": "admin.logentry", "pk": 46, "fields": {"action_time": "2022-07-10T16:24:31.366Z", "user": 1, "content_type": 7, "object_id": "80", "object_repr": "Guehou: Quel est le meilleur jeux que vous jouez sur votre PS4 ?", "action_flag": 3, "change_message": ""}}, {"model": "admin.logentry", "pk": 47, "fields": {"action_time": "2022-07-10T16:24:31.441Z", "user": 1, "content_type": 7, "object_id": "79", "object_repr": "Guehou: Quel est le meilleur jeux que vous jouez sur votre PS4 ?", "action_flag": 3, "change_message": ""}}, {"model": "admin.logentry", "pk": 48, "fields": {"action_time": "2022-07-10T16:24:31.525Z", "user": 1, "content_type": 7, "object_id": "78", "object_repr": "Guehou: Quel est le meilleur jeux que vous jouez sur votre PS4 ?", "action_flag": 3, "change_message": ""}}, {"model": "admin.logentry", "pk": 49, "fields": {"action_time": "2022-07-10T16:24:31.600Z", "user": 1, "content_type": 7, "object_id": "77", "object_repr": "Guehou: Quel est le meilleur jeux que vous jouez sur votre PS4 ?", "action_flag": 3, "change_message": ""}}, {"model": "admin.logentry", "pk": 50, "fields": {"action_time": "2022-07-10T16:24:31.674Z", "user": 1, "content_type": 7, "object_id": "76", "object_repr": "Guehou: Quel est le meilleur jeux que vous jouez sur votre PS4 ?", "action_flag": 3, "change_message": ""}}, {"model": "admin.logentry", "pk": 51, "fields": {"action_time": "2022-07-10T16:24:31.759Z", "user": 1, "content_type": 7, "object_id": "75", "object_repr": "Guehou: Quel est le meilleur jeux que vous jouez sur votre PS4 ?", "action_flag": 3, "change_message": ""}}, {"model": "admin.logentry", "pk": 52, "fields": {"action_time": "2022-07-10T16:24:31.892Z", "user": 1, "content_type": 7, "object_id": "74", "object_repr": "Guehou: Quel est le meilleur jeux que vous jouez sur votre PS4 ?", "action_flag": 3, "change_message": ""}}, {"model": "admin.logentry", "pk": 53, "fields": {"action_time": "2022-07-10T16:24:32.021Z", "user": 1, "content_type": 7, "object_id": "73", "object_repr": "Guehou: Quel est le meilleur jeux que vous jouez sur votre PS4 ?", "action_flag": 3, "change_message": ""}}, {"model": "admin.logentry", "pk": 54, "fields": {"action_time": "2022-07-10T16:24:32.094Z", "user": 1, "content_type": 7, "object_id": "72", "object_repr": "Guehou: Quel est le meilleur jeux que vous jouez sur votre PS4 ?", "action_flag": 3, "change_message": ""}}, {"model": "admin.logentry", "pk": 55, "fields": {"action_time": "2022-07-10T16:24:32.169Z", "user": 1, "content_type": 7, "object_id": "71", "object_repr": "Guehou: Quel est le meilleur jeux que vous jouez sur votre PS4 ?", "action_flag": 3, "change_message": ""}}, {"model": "admin.logentry", "pk": 56, "fields": {"action_time": "2022-07-10T16:24:32.242Z", "user": 1, "content_type": 7, "object_id": "70", "object_repr": "Guehou: Quel est le meilleur jeux que vous jouez sur votre PS4 ?", "action_flag": 3, "change_message": ""}}, {"model": "admin.logentry", "pk": 57, "fields": {"action_time": "2022-07-10T16:24:32.316Z", "user": 1, "content_type": 7, "object_id": "69", "object_repr": "Guehou: Quel est le meilleur jeux que vous jouez sur votre PS4 ?", "action_flag": 3, "change_message": ""}}, {"model": "admin.logentry", "pk": 58, "fields": {"action_time": "2022-07-10T16:24:32.414Z", "user": 1, "content_type": 7, "object_id": "68", "object_repr": "Guehou: Quel est le meilleur jeux que vous jouez sur votre PS4 ?", "action_flag": 3, "change_message": ""}}, {"model": "admin.logentry", "pk": 59, "fields": {"action_time": "2022-07-10T16:24:32.508Z", "user": 1, "content_type": 7, "object_id": "67", "object_repr": "Guehou: Quel est le meilleur jeux que vous jouez sur votre PS4 ?", "action_flag": 3, "change_message": ""}}, {"model": "admin.logentry", "pk": 60, "fields": {"action_time": "2022-07-10T16:24:32.593Z", "user": 1, "content_type": 7, "object_id": "66", "object_repr": "Guehou: Quel est le meilleur jeux que vous jouez sur votre PS4 ?", "action_flag": 3, "change_message": ""}}, {"model": "admin.logentry", "pk": 61, "fields": {"action_time": "2022-07-10T16:24:32.677Z", "user": 1, "content_type": 7, "object_id": "65", "object_repr": "Guehou: Quel est le meilleur jeux que vous jouez sur votre PS4 ?", "action_flag": 3, "change_message": ""}}, {"model": "admin.logentry", "pk": 62, "fields": {"action_time": "2022-07-10T16:24:32.763Z", "user": 1, "content_type": 7, "object_id": "64", "object_repr": "Guehou: Quel est le meilleur jeux que vous jouez sur votre PS4 ?", "action_flag": 3, "change_message": ""}}, {"model": "admin.logentry", "pk": 63, "fields": {"action_time": "2022-07-10T16:24:32.837Z", "user": 1, "content_type": 7, "object_id": "63", "object_repr": "Guehou: Quel est le meilleur jeux que vous jouez sur votre PS4 ?", "action_flag": 3, "change_message": ""}}, {"model": "admin.logentry", "pk": 64, "fields": {"action_time": "2022-07-10T16:24:32.911Z", "user": 1, "content_type": 7, "object_id": "62", "object_repr": "Guehou: Quel est le meilleur jeux que vous jouez sur votre PS4 ?", "action_flag": 3, "change_message": ""}}, {"model": "admin.logentry", "pk": 65, "fields": {"action_time": "2022-07-10T16:24:32.986Z", "user": 1, "content_type": 7, "object_id": "61", "object_repr": "Guehou: Quel est le meilleur jeux que vous jouez sur votre PS4 ?", "action_flag": 3, "change_message": ""}}, {"model": "admin.logentry", "pk": 66, "fields": {"action_time": "2022-07-10T16:24:33.070Z", "user": 1, "content_type": 7, "object_id": "60", "object_repr": "Guehou: Quel est le meilleur jeux que vous jouez sur votre PS4 ?", "action_flag": 3, "change_message": ""}}, {"model": "admin.logentry", "pk": 67, "fields": {"action_time": "2022-07-10T16:24:33.144Z", "user": 1, "content_type": 7, "object_id": "59", "object_repr": "Guehou: Quel est le meilleur jeux que vous jouez sur votre PS4 ?", "action_flag": 3, "change_message": ""}}, {"model": "admin.logentry", "pk": 68, "fields": {"action_time": "2022-07-10T16:24:33.229Z", "user": 1, "content_type": 7, "object_id": "58", "object_repr": "Guehou: Quel est le meilleur jeux que vous jouez sur votre PS4 ?", "action_flag": 3, "change_message": ""}}, {"model": "admin.logentry", "pk": 69, "fields": {"action_time": "2022-07-10T16:24:33.314Z", "user": 1, "content_type": 7, "object_id": "57", "object_repr": "Guehou: Quel est le meilleur jeux que vous jouez sur votre PS4 ?", "action_flag": 3, "change_message": ""}}, {"model": "admin.logentry", "pk": 70, "fields": {"action_time": "2022-07-10T16:24:33.388Z", "user": 1, "content_type": 7, "object_id": "56", "object_repr": "Guehou: Quel est le meilleur jeux que vous jouez sur votre PS4 ?", "action_flag": 3, "change_message": ""}}, {"model": "admin.logentry", "pk": 71, "fields": {"action_time": "2022-07-10T16:24:33.472Z", "user": 1, "content_type": 7, "object_id": "55", "object_repr": "Guehou: Quel est le meilleur jeux que vous jouez sur votre PS4 ?", "action_flag": 3, "change_message": ""}}, {"model": "admin.logentry", "pk": 72, "fields": {"action_time": "2022-07-10T16:24:33.546Z", "user": 1, "content_type": 7, "object_id": "54", "object_repr": "Guehou: Quel est le meilleur jeux que vous jouez sur votre PS4 ?", "action_flag": 3, "change_message": ""}}, {"model": "admin.logentry", "pk": 73, "fields": {"action_time": "2022-07-10T16:24:33.620Z", "user": 1, "content_type": 7, "object_id": "53", "object_repr": "Guehou: Quel est le meilleur jeux que vous jouez sur votre PS4 ?", "action_flag": 3, "change_message": ""}}, {"model": "admin.logentry", "pk": 74, "fields": {"action_time": "2022-07-10T16:24:33.738Z", "user": 1, "content_type": 7, "object_id": "52", "object_repr": "Guehou: Quel est le meilleur jeux que vous jouez sur votre PS4 ?", "action_flag": 3, "change_message": ""}}, {"model": "admin.logentry", "pk": 75, "fields": {"action_time": "2022-07-10T16:24:33.812Z", "user": 1, "content_type": 7, "object_id": "51", "object_repr": "Guehou: Quel est le meilleur jeux que vous jouez sur votre PS4 ?", "action_flag": 3, "change_message": ""}}, {"model": "admin.logentry", "pk": 76, "fields": {"action_time": "2022-07-10T16:24:33.896Z", "user": 1, "content_type": 7, "object_id": "50", "object_repr": "Guehou: Quel est le meilleur jeux que vous jouez sur votre PS4 ?", "action_flag": 3, "change_message": ""}}, {"model": "admin.logentry", "pk": 77, "fields": {"action_time": "2022-07-10T16:24:33.994Z", "user": 1, "content_type": 7, "object_id": "49", "object_repr": "Guehou: Quel est le meilleur jeux que vous jouez sur votre PS4 ?", "action_flag": 3, "change_message": ""}}, {"model": "admin.logentry", "pk": 78, "fields": {"action_time": "2022-07-10T16:24:34.069Z", "user": 1, "content_type": 7, "object_id": "48", "object_repr": "Guehou: Quel est le meilleur jeux que vous jouez sur votre PS4 ?", "action_flag": 3, "change_message": ""}}, {"model": "admin.logentry", "pk": 79, "fields": {"action_time": "2022-07-10T16:24:34.143Z", "user": 1, "content_type": 7, "object_id": "47", "object_repr": "Guehou: Quel est le meilleur jeux que vous jouez sur votre PS4 ?", "action_flag": 3, "change_message": ""}}, {"model": "admin.logentry", "pk": 80, "fields": {"action_time": "2022-07-10T16:24:34.217Z", "user": 1, "content_type": 7, "object_id": "46", "object_repr": "Guehou: Quel est le meilleur jeux que vous jouez sur votre PS4 ?", "action_flag": 3, "change_message": ""}}, {"model": "auth.permission", "pk": 1, "fields": {"name": "Can add log entry", "content_type": 1, "codename": "add_logentry"}}, {"model": "auth.permission", "pk": 2, "fields": {"name": "Can change log entry", "content_type": 1, "codename": "change_logentry"}}, {"model": "auth.permission", "pk": 3, "fields": {"name": "Can delete log entry", "content_type": 1, "codename": "delete_logentry"}}, {"model": "auth.permission", "pk": 4, "fields": {"name": "Can view log entry", "content_type": 1, "codename": "view_logentry"}}, {"model": "auth.permission", "pk": 5, "fields": {"name": "Can add permission", "content_type": 2, "codename": "add_permission"}}, {"model": "auth.permission", "pk": 6, "fields": {"name": "Can change permission", "content_type": 2, "codename": "change_permission"}}, {"model": "auth.permission", "pk": 7, "fields": {"name": "Can delete permission", "content_type": 2, "codename": "delete_permission"}}, {"model": "auth.permission", "pk": 8, "fields": {"name": "Can view permission", "content_type": 2, "codename": "view_permission"}}, {"model": "auth.permission", "pk": 9, "fields": {"name": "Can add group", "content_type": 3, "codename": "add_group"}}, {"model": "auth.permission", "pk": 10, "fields": {"name": "Can change group", "content_type": 3, "codename": "change_group"}}, {"model": "auth.permission", "pk": 11, "fields": {"name": "Can delete group", "content_type": 3, "codename": "delete_group"}}, {"model": "auth.permission", "pk": 12, "fields": {"name": "Can view group", "content_type": 3, "codename": "view_group"}}, {"model": "auth.permission", "pk": 13, "fields": {"name": "Can add content type", "content_type": 4, "codename": "add_contenttype"}}, {"model": "auth.permission", "pk": 14, "fields": {"name": "Can change content type", "content_type": 4, "codename": "change_contenttype"}}, {"model": "auth.permission", "pk": 15, "fields": {"name": "Can delete content type", "content_type": 4, "codename": "delete_contenttype"}}, {"model": "auth.permission", "pk": 16, "fields": {"name": "Can view content type", "content_type": 4, "codename": "view_contenttype"}}, {"model": "auth.permission", "pk": 17, "fields": {"name": "Can add session", "content_type": 5, "codename": "add_session"}}, {"model": "auth.permission", "pk": 18, "fields": {"name": "Can change session", "content_type": 5, "codename": "change_session"}}, {"model": "auth.permission", "pk": 19, "fields": {"name": "Can delete session", "content_type": 5, "codename": "delete_session"}}, {"model": "auth.permission", "pk": 20, "fields": {"name": "Can view session", "content_type": 5, "codename": "view_session"}}, {"model": "auth.permission", "pk": 21, "fields": {"name": "Can add user", "content_type": 6, "codename": "add_customuser"}}, {"model": "auth.permission", "pk": 22, "fields": {"name": "Can change user", "content_type": 6, "codename": "change_customuser"}}, {"model": "auth.permission", "pk": 23, "fields": {"name": "Can delete user", "content_type": 6, "codename": "delete_customuser"}}, {"model": "auth.permission", "pk": 24, "fields": {"name": "Can view user", "content_type": 6, "codename": "view_customuser"}}, {"model": "auth.permission", "pk": 25, "fields": {"name": "Can add article", "content_type": 7, "codename": "add_article"}}, {"model": "auth.permission", "pk": 26, "fields": {"name": "Can change article", "content_type": 7, "codename": "change_article"}}, {"model": "auth.permission", "pk": 27, "fields": {"name": "Can delete article", "content_type": 7, "codename": "delete_article"}}, {"model": "auth.permission", "pk": 28, "fields": {"name": "Can view article", "content_type": 7, "codename": "view_article"}}, {"model": "auth.permission", "pk": 29, "fields": {"name": "Can add category", "content_type": 8, "codename": "add_category"}}, {"model": "auth.permission", "pk": 30, "fields": {"name": "Can change category", "content_type": 8, "codename": "change_category"}}, {"model": "auth.permission", "pk": 31, "fields": {"name": "Can delete category", "content_type": 8, "codename": "delete_category"}}, {"model": "auth.permission", "pk": 32, "fields": {"name": "Can view category", "content_type": 8, "codename": "view_category"}}, {"model": "auth.permission", "pk": 33, "fields": {"name": "Can add sub category", "content_type": 9, "codename": "add_subcategory"}}, {"model": "auth.permission", "pk": 34, "fields": {"name": "Can change sub category", "content_type": 9, "codename": "change_subcategory"}}, {"model": "auth.permission", "pk": 35, "fields": {"name": "Can delete sub category", "content_type": 9, "codename": "delete_subcategory"}}, {"model": "auth.permission", "pk": 36, "fields": {"name": "Can view sub category", "content_type": 9, "codename": "view_subcategory"}}, {"model": "auth.permission", "pk": 37, "fields": {"name": "Can add respons", "content_type": 10, "codename": "add_respons"}}, {"model": "auth.permission", "pk": 38, "fields": {"name": "Can change respons", "content_type": 10, "codename": "change_respons"}}, {"model": "auth.permission", "pk": 39, "fields": {"name": "Can delete respons", "content_type": 10, "codename": "delete_respons"}}, {"model": "auth.permission", "pk": 40, "fields": {"name": "Can view respons", "content_type": 10, "codename": "view_respons"}}, {"model": "auth.permission", "pk": 41, "fields": {"name": "Can add like", "content_type": 11, "codename": "add_like"}}, {"model": "auth.permission", "pk": 42, "fields": {"name": "Can change like", "content_type": 11, "codename": "change_like"}}, {"model": "auth.permission", "pk": 43, "fields": {"name": "Can delete like", "content_type": 11, "codename": "delete_like"}}, {"model": "auth.permission", "pk": 44, "fields": {"name": "Can view like", "content_type": 11, "codename": "view_like"}}, {"model": "auth.permission", "pk": 45, "fields": {"name": "Can add notifications", "content_type": 12, "codename": "add_notifications"}}, {"model": "auth.permission", "pk": 46, "fields": {"name": "Can change notifications", "content_type": 12, "codename": "change_notifications"}}, {"model": "auth.permission", "pk": 47, "fields": {"name": "Can delete notifications", "content_type": 12, "codename": "delete_notifications"}}, {"model": "auth.permission", "pk": 48, "fields": {"name": "Can view notifications", "content_type": 12, "codename": "view_notifications"}}, {"model": "contenttypes.contenttype", "pk": 1, "fields": {"app_label": "admin", "model": "logentry"}}, {"model": "contenttypes.contenttype", "pk": 2, "fields": {"app_label": "auth", "model": "permission"}}, {"model": "contenttypes.contenttype", "pk": 3, "fields": {"app_label": "auth", "model": "group"}}, {"model": "contenttypes.contenttype", "pk": 4, "fields": {"app_label": "contenttypes", "model": "contenttype"}}, {"model": "contenttypes.contenttype", "pk": 5, "fields": {"app_label": "sessions", "model": "session"}}, {"model": "contenttypes.contenttype", "pk": 6, "fields": {"app_label": "accounts", "model": "customuser"}}, {"model": "contenttypes.contenttype", "pk": 7, "fields": {"app_label": "articles", "model": "article"}}, {"model": "contenttypes.contenttype", "pk": 8, "fields": {"app_label": "articles", "model": "category"}}, {"model": "contenttypes.contenttype", "pk": 9, "fields": {"app_label": "articles", "model": "subcategory"}}, {"model": "contenttypes.contenttype", "pk": 10, "fields": {"app_label": "articles", "model": "respons"}}, {"model": "contenttypes.contenttype", "pk": 11, "fields": {"app_label": "articles", "model": "like"}}, {"model": "contenttypes.contenttype", "pk": 12, "fields": {"app_label": "articles", "model": "notifications"}}, {"model": "sessions.session", "pk": "00b805g7oeuirgrgeu0nt0h11z2233xb", "fields": {"session_data": ".eJxVjDsOwjAQBe_iGlnZNf6Ekp4zWLtegwPIluKkQtwdIqWA9s3Me6lI61Li2vMcJ1EnBerwuzGlR64bkDvVW9Op1WWeWG-K3mnXlyb5ed7dv4NCvXxrA4Mn7wM6FDIWmQCER0khWPTCyTswhBkdJ3CjhWwCX0n8gEhGjur9Acw6N4o:1o6iqK:ehb-0bTsuBp8X40f1VTROVqCrpZvOr3ZTs1uwOR-VQ4", "expire_date": "2022-07-14T01:19:40.018Z"}}, {"model": "sessions.session", "pk": "37zt4hl3cidm83syxfcwa0q3m75fa5zo", "fields": {"session_data": ".eJxVjDsOwjAQBe_iGlnZNf6Ekp4zWLtegwPIluKkQtwdIqWA9s3Me6lI61Li2vMcJ1EnBerwuzGlR64bkDvVW9Op1WWeWG-K3mnXlyb5ed7dv4NCvXxrA4Mn7wM6FDIWmQCER0khWPTCyTswhBkdJ3CjhWwCX0n8gEhGjur9Acw6N4o:1o5Wpf:gPrqdEC8-oQXdFIKOa4EvQ7lNecU25LJcBpTurbbchw", "expire_date": "2022-07-10T18:18:03.854Z"}}, {"model": "sessions.session", "pk": "4izjfdbsr8dvebbfc6uz2eofdb85w4oa", "fields": {"session_data": "e30:1o8nz1:f26ETZ9hFIos-2cEv__1LGP6gCFxZfNnyiy0zPC5l0c", "expire_date": "2022-07-19T19:13:15.059Z"}}, {"model": "sessions.session", "pk": "5n9lnzx2wonea3pqz45g8g78pw2aha1g", "fields": {"session_data": ".eJxVjDsOwjAQBe_iGlnZNf6Ekp4zWLtegwPIluKkQtwdIqWA9s3Me6lI61Li2vMcJ1EnBerwuzGlR64bkDvVW9Op1WWeWG-K3mnXlyb5ed7dv4NCvXxrA4Mn7wM6FDIWmQCER0khWPTCyTswhBkdJ3CjhWwCX0n8gEhGjur9Acw6N4o:1o8o24:C43hBvBUelzu6Cv5dXIQHYEL60NQ43LzpSFhOFnHe1g", "expire_date": "2022-07-19T19:16:24.271Z"}}, {"model": "sessions.session", "pk": "6g8j4w96rwwq0xyl42v79vacoukxvsvg", "fields": {"session_data": ".eJxVjDsOwjAQBe_iGlnZNf6Ekp4zWLtegwPIluKkQtwdIqWA9s3Me6lI61Li2vMcJ1EnBerwuzGlR64bkDvVW9Op1WWeWG-K3mnXlyb5ed7dv4NCvXxrA4Mn7wM6FDIWmQCER0khWPTCyTswhBkdJ3CjhWwCX0n8gEhGjur9Acw6N4o:1o9Igs:QTRdzMpKMhW62Ru2ol-7S-UzE-zp-iweksissD7kV-8", "expire_date": "2022-07-21T04:00:34.316Z"}}, {"model": "sessions.session", "pk": "6kdbuk7f2fefwn5j403jv4r4pfrmox5h", "fields": {"session_data": ".eJxVjDsOwjAQBe_iGlnZNf6Ekp4zWLtegwPIluKkQtwdIqWA9s3Me6lI61Li2vMcJ1EnBerwuzGlR64bkDvVW9Op1WWeWG-K3mnXlyb5ed7dv4NCvXxrA4Mn7wM6FDIWmQCER0khWPTCyTswhBkdJ3CjhWwCX0n8gEhGjur9Acw6N4o:1o5WFh:5Q1oaYZXhMLsaFkpZqOjv9abfrO57kJnX6V7xKM831c", "expire_date": "2022-07-10T17:40:53.072Z"}}, {"model": "sessions.session", "pk": "7pt6k1r7hlieg1v538kek3sztoff301h", "fields": {"session_data": ".eJxVjDsOwjAQBe_iGlnZNf6Ekp4zWLtegwPIluKkQtwdIqWA9s3Me6lI61Li2vMcJ1EnBerwuzGlR64bkDvVW9Op1WWeWG-K3mnXlyb5ed7dv4NCvXxrA4Mn7wM6FDIWmQCER0khWPTCyTswhBkdJ3CjhWwCX0n8gEhGjur9Acw6N4o:1o8ZAs:tDudDt08O8hZcaiOlH55HVL2B6_Rxhgx8emfJ_Gb3LU", "expire_date": "2022-07-19T03:24:30.902Z"}}, {"model": "sessions.session", "pk": "a9pfom6wwdldee8nkv35zu36b5lxoych", "fields": {"session_data": ".eJxVjDsOwjAQBe_iGlnZNf6Ekp4zWLtegwPIluKkQtwdIqWA9s3Me6lI61Li2vMcJ1EnBerwuzGlR64bkDvVW9Op1WWeWG-K3mnXlyb5ed7dv4NCvXxrA4Mn7wM6FDIWmQCER0khWPTCyTswhBkdJ3CjhWwCX0n8gEhGjur9Acw6N4o:1o9qK2:gmVN0hhdnzb60n05uyyoxdjL9TGVJrcCHeJg4fPkv1E", "expire_date": "2022-07-22T15:55:14.670Z"}}, {"model": "sessions.session", "pk": "b3x77eybdqsenzvm7caufjtwano22in2", "fields": {"session_data": "e30:1o8ne6:y_p2iMSl_OHM0-8f1hkkgA23CiK2pb5O_bqWfcgGkm0", "expire_date": "2022-07-19T18:51:38.618Z"}}, {"model": "sessions.session", "pk": "cc75peskhmnk8m40rdgbg64wlres3z3s", "fields": {"session_data": "e30:1o8nwR:s3Bq-QniwdsqSUeZ6FCEIfMj8eggLRSkd39t4eUqwa4", "expire_date": "2022-07-19T19:10:35.032Z"}}, {"model": "sessions.session", "pk": "dyevxl9zf6xohougva48o0bzsloya0z6", "fields": {"session_data": ".eJxVjDsOwjAQBe_iGlnZNf6Ekp4zWLtegwPIluKkQtwdIqWA9s3Me6lI61Li2vMcJ1EnBerwuzGlR64bkDvVW9Op1WWeWG-K3mnXlyb5ed7dv4NCvXxrA4Mn7wM6FDIWmQCER0khWPTCyTswhBkdJ3CjhWwCX0n8gEhGjur9Acw6N4o:1o8P0O:bAKwN1KWP_Tw5ck9IAQtzCBxZIzsPJZAiFSbpf-0q2g", "expire_date": "2022-07-18T16:33:00.353Z"}}, {"model": "sessions.session", "pk": "eqxgbqzlazqdmkizuelm0cx538y7lof1", "fields": {"session_data": ".eJxVjEEOwiAQRe_C2hDoUBhcuu8ZCAOjVA0kpV0Z765NutDtf-_9lwhxW0vYOi9hzuIsBnH63SimB9cd5HustyZTq-syk9wVedAup5b5eTncv4MSe_nW4Eer9QigMyjEjImdZlKK0RsCRcYyW-cgOuRrQrLoBzTe58QetRHvD7irNwo:1oAim6:yDkxmWMQs8NVMcrM59ay0OwXLMQLc0q0cXAbaFmLvRI", "expire_date": "2022-07-25T02:03:50.596Z"}}, {"model": "sessions.session", "pk": "gy9e78kv07jc9l2xxa8accj50lefq09u", "fields": {"session_data": ".eJxVjDsOwjAQBe_iGlnZNf6Ekp4zWLtegwPIluKkQtwdIqWA9s3Me6lI61Li2vMcJ1EnBerwuzGlR64bkDvVW9Op1WWeWG-K3mnXlyb5ed7dv4NCvXxrA4Mn7wM6FDIWmQCER0khWPTCyTswhBkdJ3CjhWwCX0n8gEhGjur9Acw6N4o:1o5b7h:smj449BAf8dISNkl_0FxQfC0FIzaadMjfTb2q4Hqn8g", "expire_date": "2022-07-10T22:52:57.974Z"}}, {"model": "sessions.session", "pk": "n36vu2lz1kxt8hccldefvs4sf8vt9cn3", "fields": {"session_data": "e30:1o8ndC:Tj6MszFA4YgkrwBNZ5ev5DaPlm66Z5TuUHiEnlkViOA", "expire_date": "2022-07-19T18:50:42.447Z"}}, {"model": "sessions.session", "pk": "vhx6pfewxyvh3lwnoahmg1ui57gptdtr", "fields": {"session_data": "e30:1o8o0m:BCkSK2Bzy_l1hIsakMMXf9DQhH71HLcPc2t7qo0iOIA", "expire_date": "2022-07-19T19:15:04.191Z"}}, {"model": "sessions.session", "pk": "w7113zyggxlb84yc6pkim7ygf4amegoa", "fields": {"session_data": "e30:1o8o06:pLv0iSZP1D9io3bCVzowjTaVa30YPAkuNkzODCuOTDw", "expire_date": "2022-07-19T19:14:22.761Z"}}, {"model": "sessions.session", "pk": "wmrp49c4y9jyzhpd0y4zpb5mmfr5ukvi", "fields": {"session_data": ".eJxVjEEOwiAQRe_C2hDoUBhcuu8ZCAOjVA0kpV0Z765NutDtf-_9lwhxW0vYOi9hzuIsBnH63SimB9cd5HustyZTq-syk9wVedAup5b5eTncv4MSe_nW4Eer9QigMyjEjImdZlKK0RsCRcYyW-cgOuRrQrLoBzTe58QetRHvD7irNwo:1o8OoT:fddk-6QMsbvYlp3NgwqbS38ncnSoPYAF_XCdY2m2gs0", "expire_date": "2022-07-18T16:20:41.114Z"}}, {"model": "sessions.session", "pk": "x2yv26s2yewll7bdf2sldmk1tvv24zg6", "fields": {"session_data": "e30:1o8mPT:F5DCkXi6Eh6GGjN2ls1VNJl88RpGaQYT3UYLlDroDFU", "expire_date": "2022-07-19T17:32:27.026Z"}}, {"model": "sessions.session", "pk": "ye7jhsbs500ar5r7hwxs0ucwpnxw47nt", "fields": {"session_data": ".eJxVjDsOwjAQBe_iGlnZNf6Ekp4zWLtegwPIluKkQtwdIqWA9s3Me6lI61Li2vMcJ1EnBerwuzGlR64bkDvVW9Op1WWeWG-K3mnXlyb5ed7dv4NCvXxrA4Mn7wM6FDIWmQCER0khWPTCyTswhBkdJ3CjhWwCX0n8gEhGjur9Acw6N4o:1o7zFF:f8QOoCl7hZgEhJcd1hl3u22qmI4WGcN31VpcVHVqTcM", "expire_date": "2022-07-17T13:02:37.690Z"}}, {"model": "accounts.customuser", "pk": 1, "fields": {"password": "pbkdf2_sha256$320000$rzaCwSniTMgMGwXJ1ehcQs$4PBMODOfVxUTh0iKNwDdDuCN08vrKQAZBhR1qT8rGlI=", "last_login": "2022-07-08T16:33:14.900Z", "is_superuser": true, "username": "kouaho", "first_name": "", "last_name": "", "email": "franckkouaho@gmail.com", "is_staff": true, "is_active": true, "date_joined": "2022-06-26T17:39:50.488Z", "groups": [], "user_permissions": []}}, {"model": "accounts.customuser", "pk": 2, "fields": {"password": "pbkdf2_sha256$320000$mb8K7iTJuIqWyjeAaS3FcL$bNe3Dt19WCb9g0GvpTMXcJLWJU5JKQWTB6pyYhUGhoY=", "last_login": "2022-07-11T02:03:50.501Z", "is_superuser": false, "username": "Guehou", "first_name": "", "last_name": "", "email": "franckkouaho0@gmail.com", "is_staff": false, "is_active": true, "date_joined": "2022-06-26T21:27:02.329Z", "groups": [], "user_permissions": []}}, {"model": "accounts.customuser", "pk": 3, "fields": {"password": "pbkdf2_sha256$320000$gaMle3mvXw05rKpYT7oz7w$ry8KMi4H/xMAjaT9yypwxCrw23TBO59WntvSTdD8Jcc=", "last_login": "2022-06-28T13:39:54.737Z", "is_superuser": false, "username": "carine", "first_name": "", "last_name": "", "email": "carinecom8@gmail.com", "is_staff": false, "is_active": true, "date_joined": "2022-06-28T13:39:53.809Z", "groups": [], "user_permissions": []}}, {"model": "accounts.customuser", "pk": 4, "fields": {"password": "pbkdf2_sha256$320000$k6H3qAgfccsfEFUlW2pQgm$Cv8YDVE+C0OwrKYnZQORuNmP0gHQH2psoVh9XXzWmQI=", "last_login": "2022-06-28T14:25:52.712Z", "is_superuser": false, "username": "Guift", "first_name": "", "last_name": "", "email": "Dimitri@gmail.com", "is_staff": false, "is_active": true, "date_joined": "2022-06-28T14:25:51.705Z", "groups": [], "user_permissions": []}}, {"model": "accounts.customuser", "pk": 5, "fields": {"password": "pbkdf2_sha256$320000$A8VB7BGXixVQIu61ADB1vH$0R4MLfJByMSMsVQgNv1VCebZyxCRPISFkkn4PG/mzQY=", "last_login": "2022-07-01T03:53:07.957Z", "is_superuser": false, "username": "Diarrassouba", "first_name": "", "last_name": "", "email": "diarrassouba@gmail.com", "is_staff": false, "is_active": true, "date_joined": "2022-07-01T03:53:07.331Z", "groups": [], "user_permissions": []}}, {"model": "articles.category", "pk": 1, "fields": {"author": 1, "name": "Sport", "slug": "sport"}}, {"model": "articles.category", "pk": 2, "fields": {"author": 1, "name": "Gaming", "slug": "gaming"}}, {"model": "articles.category", "pk": 3, "fields": {"author": 1, "name": "Musique", "slug": "musique"}}, {"model": "articles.category", "pk": 4, "fields": {"author": 1, "name": "Statistique/ProbabilitÚ", "slug": "statistique-probabilite"}}, {"model": "articles.category", "pk": 5, "fields": {"author": 2, "name": "Education", "slug": "education"}}, {"model": "articles.subcategory", "pk": 1, "fields": {"author": 1, "name": "Minecraft", "category": 2, "slug": "minecraft"}}, {"model": "articles.subcategory", "pk": 2, "fields": {"author": 1, "name": "Messi", "category": 1, "slug": "messi"}}, {"model": "articles.subcategory", "pk": 3, "fields": {"author": 1, "name": "GOAT", "category": 1, "slug": "goat"}}, {"model": "articles.subcategory", "pk": 4, "fields": {"author": 1, "name": "Mojotr¶ne II : History", "category": 3, "slug": "mojotrone-II-history"}}, {"model": "articles.subcategory", "pk": 7, "fields": {"author": 5, "name": "PES", "category": 2, "slug": "pes"}}, {"model": "articles.subcategory", "pk": 8, "fields": {"author": 4, "name": "Ecole", "category": 5, "slug": "ecole"}}, {"model": "articles.subcategory", "pk": 9, "fields": {"author": 1, "name": "Football", "category": 1, "slug": "football"}}, {"model": "articles.subcategory", "pk": 10, "fields": {"author": 1, "name": "8", "category": 5, "slug": "8"}}, {"model": "articles.article", "pk": 1, "fields": {"author": 1, "title": "DIDI B", "content": "Quel est le meilleur son de l'album mojotrone de didi b ?", "subCategory": 4, "publish_date": "2022-06-26T18:27:33.078Z", "last_update_date": "2022-07-10T16:14:21.076Z", "articleParent": null, "slug": "did-b", "thumbnail": "", "followers": [1]}}, {"model": "articles.article", "pk": 2, "fields": {"author": 4, "title": "LDC", "content": "Chelsea vs Real Madrid", "subCategory": 9, "publish_date": "2022-06-27T22:37:17.743Z", "last_update_date": "2022-07-10T15:08:08.056Z", "articleParent": null, "slug": "merci", "thumbnail": "postImage/chelsea2.webp", "followers": [1]}}, {"model": "articles.article", "pk": 18, "fields": {"author": 2, "title": "", "content": "Tala", "subCategory": 4, "publish_date": "2022-06-28T16:28:41.007Z", "last_update_date": "2022-07-10T16:05:00.431Z", "articleParent": 1, "slug": "did-b", "thumbnail": "", "followers": [1, 2]}}, {"model": "articles.article", "pk": 19, "fields": {"author": 2, "title": "", "content": "Tala", "subCategory": 4, "publish_date": "2022-06-28T16:29:43.683Z", "last_update_date": "2022-07-10T16:04:57.533Z", "articleParent": 1, "slug": "did-b", "thumbnail": "", "followers": [2]}}, {"model": "articles.article", "pk": 43, "fields": {"author": 1, "title": "", "content": "Rt", "subCategory": 4, "publish_date": "2022-07-10T16:02:26.764Z", "last_update_date": "2022-07-10T16:02:26.764Z", "articleParent": 18, "slug": "did-b", "thumbnail": "", "followers": [1]}}, {"model": "articles.article", "pk": 45, "fields": {"author": 2, "title": "Quel est le meilleur jeux que vous jouez sur votre PS4 ?", "content": "", "subCategory": 7, "publish_date": "2022-07-10T16:17:36.208Z", "last_update_date": "2022-07-10T16:17:36.208Z", "articleParent": null, "slug": "quel-est-le-meilleur-jeux-que-vous-jouez-sur-votre-ps4", "thumbnail": "", "followers": [1, 2]}}, {"model": "articles.like", "pk": 6, "fields": {"author": 2, "article": 18, "notice": "LK"}}, {"model": "articles.like", "pk": 10, "fields": {"author": 1, "article": 19, "notice": "DL"}}, {"model": "articles.like", "pk": 14, "fields": {"author": 1, "article": 2, "notice": "LK"}}, {"model": "articles.like", "pk": 18, "fields": {"author": 2, "article": 19, "notice": "LK"}}, {"model": "articles.like", "pk": 23, "fields": {"author": 5, "article": 2, "notice": "LK"}}, {"model": "articles.like", "pk": 24, "fields": {"author": 5, "article": 19, "notice": "DL"}}, {"model": "articles.like", "pk": 25, "fields": {"author": 5, "article": 18, "notice": "DL"}}, {"model": "articles.like", "pk": 33, "fields": {"author": 1, "article": 18, "notice": "LK"}}, {"model": "articles.like", "pk": 35, "fields": {"author": 2, "article": 1, "notice": "DL"}}, {"model": "articles.like", "pk": 38, "fields": {"author": 2, "article": 2, "notice": "DL"}}, {"model": "articles.like", "pk": 42, "fields": {"author": 1, "article": 1, "notice": "LK"}}, {"model": "articles.like", "pk": 55, "fields": {"author": 1, "article": 45, "notice": "LK"}}, {"model": "articles.like", "pk": 58, "fields": {"author": 2, "article": 45, "notice": "LK"}}, {"model": "articles.notifications", "pk": 5, "fields": {"article": 1, "date": "2022-07-07T02:08:24.882Z", "reaction": "LK", "viewer": [1, 2]}}, {"model": "articles.notifications", "pk": 7, "fields": {"article": 2, "date": "2022-07-05T03:29:56.964Z", "reaction": "DL", "viewer": [1, 2]}}, {"model": "articles.notifications", "pk": 8, "fields": {"article": 1, "date": "2022-07-06T03:38:07.336Z", "reaction": "DL", "viewer": [1, 2]}}, {"model": "articles.notifications", "pk": 15, "fields": {"article": 2, "date": "2022-07-06T03:37:27.208Z", "reaction": "LK", "viewer": [1]}}, {"model": "articles.notifications", "pk": 20, "fields": {"article": 45, "date": "2022-07-11T03:52:59.919Z", "reaction": "LK", "viewer": [2]}}]